experiment,budget,seed,stage,global_update,stage_update,train_seq_len,accumulation_steps,tokens_seen,train_loss,val_loss_32,val_loss_64,val_loss_128,elapsed_seconds,learning_rate
curriculum,full,123,0,0,0,0,0,0,,8.446490812301636,8.453823900222778,8.454034614562989,0.0,0.0003
curriculum,full,123,1,250,250,32,4,1024000,4.176523447036743,4.209992206096649,4.539809203147888,4.704110050201416,28.693812874960713,0.0003
curriculum,full,123,1,500,500,32,4,2048000,3.876893639564514,3.750858151912689,4.205038714408874,4.448401069641113,56.824534874991514,0.0003
curriculum,full,123,1,750,750,32,4,3072000,3.6569156646728516,3.508545684814453,4.048751246929169,4.352792978286743,84.97159874998033,0.0003
curriculum,full,123,1,1000,1000,32,4,4096000,3.5486044883728027,3.3620797634124755,3.940711832046509,4.273882007598877,113.24215004197322,0.0003
curriculum,full,123,1,1250,1250,32,4,5120000,3.2733179330825806,3.2591700673103334,3.8654375433921815,4.220048451423645,141.40125545789488,0.0003
curriculum,full,123,1,1500,1500,32,4,6144000,3.1534417867660522,3.1747380971908568,3.819175696372986,4.189331078529358,169.64536116691306,0.0003
curriculum,full,123,1,1750,1750,32,4,7168000,3.198277473449707,3.1081161737442016,3.7946104168891908,4.196521925926208,197.9956563329324,0.0003
curriculum,full,123,1,2000,2000,32,4,8192000,3.1819980144500732,3.05770548582077,3.754834842681885,4.164420413970947,226.32223137491383,0.0003
curriculum,full,123,2,2250,250,64,2,9216000,3.106088161468506,3.0577676057815553,3.0647487163543703,3.737626242637634,255.7729882079875,0.0003
curriculum,full,123,2,2500,500,64,2,10240000,3.0862443447113037,3.0111929774284363,3.00705885887146,3.720763421058655,285.06354008289054,0.0003
curriculum,full,123,2,2750,750,64,2,11264000,2.906405448913574,2.978086829185486,2.9606703996658323,3.7070376753807066,314.45099358295556,0.0003
curriculum,full,123,2,3000,1000,64,2,12288000,2.8431142568588257,2.944597327709198,2.922996532917023,3.687610912322998,343.77734583290294,0.0003
curriculum,full,123,2,3250,1250,64,2,13312000,2.9204652309417725,2.9251555442810058,2.8933731436729433,3.668258273601532,373.1177694168873,0.0003
curriculum,full,123,2,3500,1500,64,2,14336000,2.918278455734253,2.8937491178512573,2.862292540073395,3.6529199123382567,402.47082420799416,0.0003
curriculum,full,123,2,3750,1750,64,2,15360000,2.8185606002807617,2.8790433049201964,2.8427149653434753,3.6408177495002745,431.7899810419185,0.0003
curriculum,full,123,2,4000,2000,64,2,16384000,2.849772572517395,2.8519981026649477,2.8111328721046447,3.6262034296989443,461.1048597919289,0.0003
curriculum,full,123,3,4250,250,128,1,17408000,3.074972152709961,2.897122097015381,2.854780375957489,2.8485183000564573,492.0237217079848,0.0003
curriculum,full,123,3,4500,500,128,1,18432000,2.967505931854248,2.8722722053527834,2.8217539191246033,2.7820860743522644,522.7406394169666,0.0003
curriculum,full,123,3,4750,750,128,1,19456000,2.922276020050049,2.856317412853241,2.8006104469299316,2.741667056083679,554.739751291927,0.0003
curriculum,full,123,3,5000,1000,128,1,20480000,2.921687126159668,2.8441490292549134,2.788192629814148,2.714700388908386,586.6446283329278,0.0003
curriculum,full,123,3,5250,1250,128,1,21504000,2.8007657527923584,2.820283353328705,2.7593817949295043,2.684514343738556,618.5483920419356,0.0003
curriculum,full,123,3,5500,1500,128,1,22528000,2.7907485961914062,2.811807906627655,2.745590615272522,2.661951994895935,650.4741072079632,0.0003
curriculum,full,123,3,5750,1750,128,1,23552000,2.7527072429656982,2.807181453704834,2.732955014705658,2.646449291706085,681.2181890419452,0.0003
curriculum,full,123,3,6000,2000,128,1,24576000,2.7894225120544434,2.7920639157295226,2.717278504371643,2.62628356218338,711.9514461249346,0.0003
curriculum,full,123,3,6000,2000,128,1,24576000,2.7894225120544434,2.7920639157295226,2.717278504371643,2.62628356218338,713.3057418329408,0.0003
